#Sample,BarcodeSequence
bc1001,TCAGACGATGCGTCAT
bc1002,CTATACATGACTCTGC
bc1003,TACTAGAGTAGCACTC
bc1004,TGTGTATCAGTACATG
bc1005,ACACGCATGACACACT
bc1006,GATCTCTACTATATGC
bc1007,ACAGTCTATACTGCTG
bc1008,ATGATGTGCTACATCT
bc1009,CTGCGTGCTCTACGAC
bc1011,CGCGCTCAGCTGATCG
bc1012,GCGCACGCACTACAGA
bc1013,ACACTGACGTCGCGAC
bc1014,CGTCTATATACGTATA
bc1015,ATAGAGACTCAGAGCT
bc1016,TAGATGCGAGAGTAGA
bc1017,CATAGCGACTATCGTG
bc1018,CATCACTACGCTAGAT
bc1019,CGCATCTGTGCATGCA
bc1020,TATGTGATCGTCTCTC
bc1021,GTACACGCTGTGACTA
bc1022,CGTGTCGCGCATATCT
bc1023,ATATCAGTCATGCATA
bc1024,GAGATCGACAGTCTCG
bc1026,CGAGCACGCGCGTGTG
bc1027,GTAGTCTCGCACAGAT
bc1028,GAGACTCTGTGCGCGT
bc1029,GCTCGACTGTGAGAGA
bc1030,AGAGATGTGTGATGAC
bc1031,TACGACTACATATCAG
bc1032,TATCTCTGTAGAGTCT
bc1033,AGAGAGAGACATGCGC
bc1034,ACTCTCGCTCTGTAGA
bc1035,TCTATGTCTCAGTAGT
bc1036,GCGTATATCTCATGCG
bc1037,GTGCGTATGTCGCTAC
bc1038,TGCTCGCAGTATCACA
bc1039,CTGTGTGTGATAGAGT
bc1040,CAGTGAGAGCGCGATA
bc1041,GTACATATGCGTCTGT
bc1042,GAGACTAGAGATAGTG
bc1043,TACGCGTGTACGCAGA
bc1044,TGTCACTCATCTGAGT
bc1045,GCACATACACGCTCAC
bc1046,GCTCGTCGCGCGCACA
bc1047,ACAGTGCGCTGTCTAT
bc1048,TCACACTCTAGAGCGA
bc1049,TCACATATGTATACAT
bc1050,CGCTGCGAGAGACAGT
bc1051,ACACACAGACTGTGAG
bc1052,GCAGACTCTCACACGC
bc1053,TGCTCTCGTGTACTGT
bc1054,GTGTGAGATATATATC
bc1055,CTCAGTGTGACACATG
bc1056,TGCGAGCGACTCTATC
bc1057,GTCAGCTAGTGTCAGC
bc1058,AGATATCATCAGCGAG
bc1059,GTGCAGTGATCGATGA
bc1060,TGACTCGCTCATAGTC
bc1061,ATGCTGATGACGCGCT
bc1062,GACAGCATCTGCGCTC
bc1063,AGCGTCTGACGTGAGT
bc1064,TCGATATACGACGTGC
bc1065,TCGTCATACGCTCTAG
bc1066,CGACTACGTACAGTAG
bc1067,GCGTAGACAGACTACA
bc1068,ACAGTATGATGTACTC
bc1069,GTCTGATAGATACAGA
bc1070,CTGCGCAGTACGTGCA
bc1071,TAGATCTCTGACTCAC
bc1072,CTGATGCGCGCTGTAC
bc1073,CACTCGTGCACGATGC
bc1074,TGACAGTATCACAGTG
bc1075,GAGATACGCTGCAGTC
bc1076,ACGTGAGCTCACTCGC
bc1077,ATAGAGAGTGTCTCAG
bc1078,CATAGAGAGATAGTAT
bc1079,ATCTCGAGATGTAGCG
bc1080,ACGATCACTCGTGTCA
bc1081,GATCGACTCGAGCATC
bc1082,ATGCTCACTACTACAT
bc1083,CGTGCACATCTATAGC
bc1084,GACTGCACATGCACGA
bc1085,TATGACTAGTGTACTA
bc1086,GACGTGTCGTAGATAT
bc1088,ATCGCTGTGTCTATAG
bc1089,TCTCACTGATAGCGTG
bc1091,CACACGAGATCTCATC
bc1092,AGATACACATGATACT
bc1094,TCTCGACTGCACATAT
bc1095,TGAGTGACGTGTAGCG
bc1096,GTGTGCACTCACACTC
